"nhs_trust_code","nhs_trust_name","nhsercode","icbcode","addr1","addr2","addr3","town","county","pcode","legalstartdate","legalenddate","null1","null2","null3","null4","null5","tel_no","null6","null7","null8","amended_record_indicator","null9","gor_code","null10","null11","null12"
"G6V2S","NORTH LONDON NHS FOUNDATION TRUST","Y56","QMJ","4TH FLOOR, EAST WING","ST. PANCRAS HOSPITAL","4 ST. PANCRAS WAY","LONDON","","NW1 0PE",20241101,NA,NA,NA,NA,NA,NA,NA,NA,NA,NA,0,NA,"H",NA,NA,NA
"R0A","MANCHESTER UNIVERSITY NHS FOUNDATION TRUST","Y62","QOP","COBBETT HOUSE","OXFORD ROAD","","MANCHESTER","","M13 9WL",20171001,NA,NA,NA,NA,NA,NA,NA,NA,NA,NA,0,NA,"B",NA,NA,NA
"R0B","SOUTH TYNESIDE AND SUNDERLAND NHS FOUNDATION TRUST","Y63","QHM","SUNDERLAND ROYAL HOSPITAL","KAYLL ROAD","","SUNDERLAND","","SR4 7TP",20190401,NA,NA,NA,NA,NA,NA,NA,NA,NA,NA,0,NA,"A",NA,NA,NA
"R0D","UNIVERSITY HOSPITALS DORSET NHS FOUNDATION TRUST","Y58","QVV","MANAGEMENT OFFICES","POOLE HOSPITAL","LONGFLEET ROAD","POOLE","","BH15 2JB",20201001,NA,NA,NA,NA,NA,NA,NA,NA,NA,NA,0,NA,"K",NA,NA,NA
"R1A","HEREFORDSHIRE AND WORCESTERSHIRE HEALTH AND CARE NHS TRUST","Y60","QGH","UNIT 2 KINGS COURT","CHARLES HASTINGS WAY","","WORCESTER","","WR5 1JR",20110701,NA,NA,NA,NA,NA,NA,NA,NA,NA,NA,0,NA,"F",NA,NA,NA
"R1C","SOLENT NHS TRUST","Y59","QRL","SOLENT NHS TRUST HEADQUARTERS","HIGHPOINT VENUE","BURSLEDON ROAD","SOUTHAMPTON","","SO19 8BR",20110401,20240930,NA,NA,NA,NA,NA,NA,NA,NA,NA,1,NA,"J",NA,NA,NA
"R1D","SHROPSHIRE COMMUNITY HEALTH NHS TRUST","Y60","QOC","MOUNT MCKINLEY","ANCHORAGE AVENUE","SHREWSBURY BUSINESS PARK","SHREWSBURY","SHROPSHIRE","SY2 6FG",20110701,NA,NA,NA,NA,NA,NA,NA,NA,NA,NA,1,NA,"F",NA,NA,NA
"R1F","ISLE OF WIGHT NHS TRUST","Y59","QRL","ST MARYS HOSPITAL","PARKHURST ROAD","","NEWPORT","","PO30 5TG",20120401,NA,NA,NA,NA,NA,NA,NA,NA,NA,NA,0,NA,"J",NA,NA,NA
"R1H","BARTS HEALTH NHS TRUST","Y56","QMF","THE ROYAL LONDON HOSPITAL","80 NEWARK STREET","","LONDON","","E1 2ES",20120401,NA,NA,NA,NA,NA,NA,NA,NA,NA,NA,0,NA,"H",NA,NA,NA
"R1K","LONDON NORTH WEST UNIVERSITY HEALTHCARE NHS TRUST","Y56","QRV","NORTHWICK PARK HOSPITAL","WATFORD ROAD","","HARROW","","HA1 3UJ",20141001,NA,NA,NA,NA,NA,NA,NA,NA,NA,NA,0,NA,"H",NA,NA,NA
"R1L","ESSEX PARTNERSHIP UNIVERSITY NHS FOUNDATION TRUST","Y61","QH8","THE LODGE","LODGE APPROACH","RUNWELL","WICKFORD","","SS11 7XX",20170401,NA,NA,NA,NA,NA,NA,NA,NA,NA,NA,0,NA,"G",NA,NA,NA
"RA2","ROYAL SURREY COUNTY HOSPITAL NHS FOUNDATION TRUST","Y59","QXU","EGERTON ROAD","","","GUILDFORD","","GU2 7XX",19910401,NA,NA,NA,NA,NA,NA,NA,NA,NA,NA,0,NA,"J",NA,NA,NA
"RA7","UNIVERSITY HOSPITALS BRISTOL AND WESTON NHS FOUNDATION TRUST","Y58","QUY","TRUST HEADQUARTERS","MARLBOROUGH STREET","","BRISTOL","","BS1 3NU",19910401,NA,NA,NA,NA,NA,NA,NA,NA,NA,NA,0,NA,"K",NA,NA,NA
"RA9","TORBAY AND SOUTH DEVON NHS FOUNDATION TRUST","Y58","QJK","TORBAY HOSPITAL","NEWTON ROAD","","TORQUAY","","TQ2 7AA",19910401,NA,NA,NA,NA,NA,NA,NA,NA,NA,NA,0,NA,"K",NA,NA,NA
"RAE","BRADFORD TEACHING HOSPITALS NHS FOUNDATION TRUST","Y63","QWO","BRADFORD ROYAL INFIRMARY","DUCKWORTH LANE","","BRADFORD","","BD9 6RJ",19910401,NA,NA,NA,NA,NA,NA,NA,NA,NA,NA,0,NA,"D",NA,NA,NA
"RAJ","MID AND SOUTH ESSEX NHS FOUNDATION TRUST","Y61","QH8","PRITTLEWELL CHASE","","","WESTCLIFF-ON-SEA","","SS0 0RY",19910401,NA,NA,NA,NA,NA,NA,NA,NA,NA,NA,0,NA,"G",NA,NA,NA
"RAL","ROYAL FREE LONDON NHS FOUNDATION TRUST","Y56","QMJ","ROYAL FREE HOSPITAL","POND STREET","","LONDON","","NW3 2QG",19910401,NA,NA,NA,NA,NA,NA,NA,NA,NA,NA,0,NA,"H",NA,NA,NA
"RAN","ROYAL NATIONAL ORTHOPAEDIC HOSPITAL NHS TRUST","Y56","QRV","BROCKLEY HILL","","","STANMORE","","HA7 4LP",19910401,NA,NA,NA,NA,NA,NA,NA,NA,NA,NA,0,NA,"H",NA,NA,NA
"RAP","NORTH MIDDLESEX UNIVERSITY HOSPITAL NHS TRUST","Y56","QMJ","NORTH MIDDLESEX HOSPITAL","STERLING WAY","","LONDON","","N18 1QX",19910401,NA,NA,NA,NA,NA,NA,NA,NA,NA,NA,0,NA,"H",NA,NA,NA
"RAS","THE HILLINGDON HOSPITALS NHS FOUNDATION TRUST","Y56","QRV","PIELD HEATH ROAD","","","UXBRIDGE","","UB8 3NN",19910401,NA,NA,NA,NA,NA,NA,NA,NA,NA,NA,0,NA,"H",NA,NA,NA
"RAT","NORTH EAST LONDON NHS FOUNDATION TRUST","Y56","QMF","WEST WING","C E M E CENTRE","MARSH WAY","RAINHAM","","RM13 8GQ",20010401,NA,NA,NA,NA,NA,NA,NA,NA,NA,NA,0,NA,"H",NA,NA,NA
"RAX","KINGSTON AND RICHMOND NHS FOUNDATION TRUST","Y56","QWE","GALSWORTHY ROAD","","","KINGSTON UPON THAMES","","KT2 7QB",19910401,NA,NA,NA,NA,NA,NA,NA,NA,NA,NA,1,NA,"H",NA,NA,NA
"RBD","DORSET COUNTY HOSPITAL NHS FOUNDATION TRUST","Y58","QVV","DORSET COUNTY HOSPITAL","WILLIAMS AVENUE","","DORCHESTER","","DT1 2JY",19910401,NA,NA,NA,NA,NA,NA,NA,NA,NA,NA,0,NA,"K",NA,NA,NA
"RBK","WALSALL HEALTHCARE NHS TRUST","Y60","QUA","MANOR HOSPITAL","MOAT ROAD","","WALSALL","","WS2 9PS",19910401,NA,NA,NA,NA,NA,NA,NA,NA,NA,NA,0,NA,"F",NA,NA,NA
"RBL","WIRRAL UNIVERSITY TEACHING HOSPITAL NHS FOUNDATION TRUST","Y62","QYG","ARROWE PARK HOSPITAL","ARROWE PARK ROAD","UPTON","WIRRAL","","CH49 5PE",19910401,NA,NA,NA,NA,NA,NA,NA,NA,NA,NA,0,NA,"B",NA,NA,NA
"RBN","MERSEY AND WEST LANCASHIRE TEACHING HOSPITALS NHS TRUST","Y62","QYG","WHISTON HOSPITAL","WARRINGTON ROAD","","PRESCOT","","L35 5DR",19910401,NA,NA,NA,NA,NA,NA,NA,NA,NA,NA,0,NA,"B",NA,NA,NA
"RBQ","LIVERPOOL HEART AND CHEST HOSPITAL NHS FOUNDATION TRUST","Y62","QYG","THOMAS DRIVE","","","LIVERPOOL","","L14 3PE",19910401,NA,NA,NA,NA,NA,NA,NA,NA,NA,NA,0,NA,"B",NA,NA,NA
"RBS","ALDER HEY CHILDREN'S NHS FOUNDATION TRUST","Y62","QYG","ALDER HEY HOSPITAL","EATON ROAD","WEST DERBY","LIVERPOOL","","L12 2AP",19910401,NA,NA,NA,NA,NA,NA,NA,NA,NA,NA,0,NA,"B",NA,NA,NA
"RBT","MID CHESHIRE HOSPITALS NHS FOUNDATION TRUST","Y62","QYG","LEIGHTON HOSPITAL","LEIGHTON","","CREWE","","CW1 4QJ",19910401,NA,NA,NA,NA,NA,NA,NA,NA,NA,NA,0,NA,"B",NA,NA,NA
"RBV","THE CHRISTIE NHS FOUNDATION TRUST","Y62","QOP","550 WILMSLOW ROAD","WITHINGTON","","MANCHESTER","","M20 4BX",19910401,NA,NA,NA,NA,NA,NA,NA,NA,NA,NA,0,NA,"B",NA,NA,NA
"RC9","BEDFORDSHIRE HOSPITALS NHS FOUNDATION TRUST","Y61","QHG","LEWSEY ROAD","","","LUTON","","LU4 0DZ",19920401,NA,NA,NA,NA,NA,NA,NA,NA,NA,NA,0,NA,"G",NA,NA,NA
"RCB","YORK AND SCARBOROUGH TEACHING HOSPITALS NHS FOUNDATION TRUST","Y63","QOQ","YORK HOSPITAL","WIGGINTON ROAD","","YORK","","YO31 8HE",19920401,NA,NA,NA,NA,NA,NA,NA,NA,NA,NA,0,NA,"D",NA,NA,NA
"RCD","HARROGATE AND DISTRICT NHS FOUNDATION TRUST","Y63","QOQ","HARROGATE DISTRICT HOSPITAL","LANCASTER PARK ROAD","","HARROGATE","","HG2 7SX",19920401,NA,NA,NA,NA,NA,NA,NA,NA,NA,NA,0,NA,"D",NA,NA,NA
"RCF","AIREDALE NHS FOUNDATION TRUST","Y63","QWO","AIREDALE GENERAL HOSPITAL","SKIPTON ROAD","STEETON","KEIGHLEY","","BD20 6TD",19920401,NA,NA,NA,NA,NA,NA,NA,NA,NA,NA,0,NA,"D",NA,NA,NA
"RCU","SHEFFIELD CHILDREN'S NHS FOUNDATION TRUST","Y63","QF7","WESTERN BANK","","","SHEFFIELD","","S10 2TH",19920401,NA,NA,NA,NA,NA,NA,NA,NA,NA,NA,0,NA,"D",NA,NA,NA
"RCX","THE QUEEN ELIZABETH HOSPITAL, KING'S LYNN, NHS FOUNDATION TRUST","Y61","QMM","QUEEN ELIZABETH HOSPITAL","GAYTON ROAD","","KING'S LYNN","","PE30 4ET",19920401,NA,NA,NA,NA,NA,NA,NA,NA,NA,NA,0,NA,"G",NA,NA,NA
"RD1","ROYAL UNITED HOSPITALS BATH NHS FOUNDATION TRUST","Y58","QOX","COMBE PARK","","","BATH","","BA1 3NG",19920401,NA,NA,NA,NA,NA,NA,NA,NA,NA,NA,0,NA,"K",NA,NA,NA
"RD8","MILTON KEYNES UNIVERSITY HOSPITAL NHS FOUNDATION TRUST","Y61","QHG","STANDING WAY","EAGLESTONE","","MILTON KEYNES","","MK6 5LD",19920401,NA,NA,NA,NA,NA,NA,NA,NA,NA,NA,0,NA,"G",NA,NA,NA
"RDE","EAST SUFFOLK AND NORTH ESSEX NHS FOUNDATION TRUST","Y61","QJG","COLCHESTER DIST GENERAL HOSPITAL","TURNER ROAD","","COLCHESTER","","CO4 5JL",19920401,NA,NA,NA,NA,NA,NA,NA,NA,NA,NA,0,NA,"G",NA,NA,NA
"RDR","SUSSEX COMMUNITY NHS FOUNDATION TRUST","Y59","QNX","BRIGHTON GENERAL HOSPITAL","ELM GROVE","","BRIGHTON","","BN2 3EW",19920401,NA,NA,NA,NA,NA,NA,NA,NA,NA,NA,0,NA,"J",NA,NA,NA
"RDU","FRIMLEY HEALTH NHS FOUNDATION TRUST","Y59","QNQ","PORTSMOUTH ROAD","FRIMLEY","","CAMBERLEY","","GU16 7UJ",19920401,NA,NA,NA,NA,NA,NA,NA,NA,NA,NA,0,NA,"J",NA,NA,NA
"RDY","DORSET HEALTHCARE UNIVERSITY NHS FOUNDATION TRUST","Y58","QVV","SENTINEL HOUSE","4-6 NUFFIELD ROAD","NUFFIELD INDUSTRIAL ESTATE","POOLE","","BH17 0RB",19920401,NA,NA,NA,NA,NA,NA,NA,NA,NA,NA,0,NA,"K",NA,NA,NA
"REF","ROYAL CORNWALL HOSPITALS NHS TRUST","Y58","QT6","ROYAL CORNWALL HOSPITAL","TRELISKE","","TRURO","","TR1 3LJ",19920401,NA,NA,NA,NA,NA,NA,NA,NA,NA,NA,0,NA,"K",NA,NA,NA
"REM","LIVERPOOL UNIVERSITY HOSPITALS NHS FOUNDATION TRUST","Y62","QYG","ROYAL LIVERPOOL UNIVERSITY HOSPITAL","PRESCOT STREET","","LIVERPOOL","","L7 8XP",19920401,NA,NA,NA,NA,NA,NA,NA,NA,NA,NA,0,NA,"B",NA,NA,NA
"REN","THE CLATTERBRIDGE CANCER CENTRE NHS FOUNDATION TRUST","Y62","QYG","CLATTERBRIDGE HOSPITAL","CLATTERBRIDGE ROAD","BEBINGTON","WIRRAL","","CH63 4JY",19920401,NA,NA,NA,NA,NA,NA,NA,NA,NA,NA,0,NA,"B",NA,NA,NA
"REP","LIVERPOOL WOMEN'S NHS FOUNDATION TRUST","Y62","QYG","LIVERPOOL WOMENS HOSPITAL","CROWN STREET","","LIVERPOOL","","L8 7SS",19920401,NA,NA,NA,NA,NA,NA,NA,NA,NA,NA,0,NA,"B",NA,NA,NA
"RET","THE WALTON CENTRE NHS FOUNDATION TRUST","Y62","QYG","LOWER LANE","","","LIVERPOOL","","L9 7LJ",19920401,NA,NA,NA,NA,NA,NA,NA,NA,NA,NA,0,NA,"B",NA,NA,NA
"RF4","BARKING, HAVERING AND REDBRIDGE UNIVERSITY HOSPITALS NHS TRUST","Y56","QMF","QUEENS HOSPITAL","ROM VALLEY WAY","","ROMFORD","","RM7 0AG",20010401,NA,NA,NA,NA,NA,NA,NA,NA,NA,NA,0,NA,"H",NA,NA,NA
"RFF","BARNSLEY HOSPITAL NHS FOUNDATION TRUST","Y63","QF7","GAWBER ROAD","","","BARNSLEY","","S75 2EP",19930401,NA,NA,NA,NA,NA,NA,NA,NA,NA,NA,0,NA,"D",NA,NA,NA
"RFR","THE ROTHERHAM NHS FOUNDATION TRUST","Y63","QF7","MOORGATE ROAD","","","ROTHERHAM","","S60 2UD",19930401,NA,NA,NA,NA,NA,NA,NA,NA,NA,NA,0,NA,"D",NA,NA,NA
"RFS","CHESTERFIELD ROYAL HOSPITAL NHS FOUNDATION TRUST","Y60","QJ2","CHESTERFIELD ROAD","CALOW","","CHESTERFIELD","","S44 5BL",19930401,NA,NA,NA,NA,NA,NA,NA,NA,NA,NA,0,NA,"E",NA,NA,NA
"RGD","LEEDS AND YORK PARTNERSHIP NHS FOUNDATION TRUST","Y63","QWO","ST. MARYS HOUSE","ST. MARYS ROAD","","LEEDS","","LS7 3JX",19930401,NA,NA,NA,NA,NA,NA,NA,NA,NA,NA,0,NA,"D",NA,NA,NA
"RGM","ROYAL PAPWORTH HOSPITAL NHS FOUNDATION TRUST","Y61","QUE","PAPWORTH ROAD","CAMBRIDGE BIOMEDICAL CAMPUS","","CAMBRIDGE","","CB2 0AY",19930401,NA,NA,NA,NA,NA,NA,NA,NA,NA,NA,0,NA,"G",NA,NA,NA
"RGN","NORTH WEST ANGLIA NHS FOUNDATION TRUST","Y61","QUE","PETERBOROUGH CITY HOSPITAL","BRETTON GATE","BRETTON","PETERBOROUGH","","PE3 9GZ",19930401,NA,NA,NA,NA,NA,NA,NA,NA,NA,NA,0,NA,"G",NA,NA,NA
"RGP","JAMES PAGET UNIVERSITY HOSPITALS NHS FOUNDATION TRUST","Y61","QMM","LOWESTOFT ROAD","GORLESTON","","GREAT YARMOUTH","","NR31 6LA",19930401,NA,NA,NA,NA,NA,NA,NA,NA,NA,NA,0,NA,"G",NA,NA,NA
"RGR","WEST SUFFOLK NHS FOUNDATION TRUST","Y61","QJG","WEST SUFFOLK HOSPITAL","HARDWICK LANE","","BURY ST. EDMUNDS","","IP33 2QZ",19930401,NA,NA,NA,NA,NA,NA,NA,NA,NA,NA,0,NA,"G",NA,NA,NA
"RGT","CAMBRIDGE UNIVERSITY HOSPITALS NHS FOUNDATION TRUST","Y61","QUE","CAMBRIDGE BIOMEDICAL CAMPUS","HILLS ROAD","","CAMBRIDGE","","CB2 0QQ",19930401,NA,NA,NA,NA,NA,NA,NA,NA,NA,NA,0,NA,"G",NA,NA,NA
"RH5","SOMERSET NHS FOUNDATION TRUST","Y58","QSL","TRUST MANAGEMENT","LYDEARD HOUSE","MUSGROVE PARK HOSPITAL","TAUNTON","","TA1 5DA",19930401,NA,NA,NA,NA,NA,NA,NA,NA,NA,NA,0,NA,"K",NA,NA,NA
"RH8","ROYAL DEVON UNIVERSITY HEALTHCARE NHS FOUNDATION TRUST","Y58","QJK","ROYAL DEVON UNIVERSITY NHS FT","BARRACK ROAD","","EXETER","","EX2 5DW",19930401,NA,NA,NA,NA,NA,NA,NA,NA,NA,NA,0,NA,"K",NA,NA,NA
"RHA","NOTTINGHAMSHIRE HEALTHCARE NHS FOUNDATION TRUST","Y60","QT1","THE RESOURCE, TRUST HQ","DUNCAN MACMILLAN HOUSE","PORCHESTER ROAD","NOTTINGHAM","","NG3 6AA",20010401,NA,NA,NA,NA,NA,NA,NA,NA,NA,NA,0,NA,"E",NA,NA,NA
"RHM","UNIVERSITY HOSPITAL SOUTHAMPTON NHS FOUNDATION TRUST","Y59","QRL","SOUTHAMPTON GENERAL HOSPITAL","TREMONA ROAD","","SOUTHAMPTON","","SO16 6YD",19930401,NA,NA,NA,NA,NA,NA,NA,NA,NA,NA,0,NA,"J",NA,NA,NA
"RHQ","SHEFFIELD TEACHING HOSPITALS NHS FOUNDATION TRUST","Y63","QF7","NORTHERN GENERAL HOSPITAL","HERRIES ROAD","","SHEFFIELD","","S5 7AU",20010401,NA,NA,NA,NA,NA,NA,NA,NA,NA,NA,0,NA,"D",NA,NA,NA
"RHU","PORTSMOUTH HOSPITALS UNIVERSITY NATIONAL HEALTH SERVICE TRUST","Y59","QRL","QUEEN ALEXANDRA HOSPITAL","SOUTHWICK HILL ROAD","COSHAM","PORTSMOUTH","","PO6 3LY",19930401,NA,NA,NA,NA,NA,NA,NA,NA,NA,NA,0,NA,"J",NA,NA,NA
"RHW","ROYAL BERKSHIRE NHS FOUNDATION TRUST","Y59","QU9","ROYAL BERKSHIRE HOSPITAL","LONDON ROAD","","READING","","RG1 5AN",19930401,NA,NA,NA,NA,NA,NA,NA,NA,NA,NA,0,NA,"J",NA,NA,NA
"RJ1","GUY'S AND ST THOMAS' NHS FOUNDATION TRUST","Y56","QKK","ST THOMAS' HOSPITAL","WESTMINSTER BRIDGE ROAD","","LONDON","","SE1 7EH",19930401,NA,NA,NA,NA,NA,NA,NA,NA,NA,NA,0,NA,"H",NA,NA,NA
"RJ2","LEWISHAM AND GREENWICH NHS TRUST","Y56","QKK","UNIVERSITY HOSPITAL LEWISHAM","LEWISHAM HIGH STREET","","LONDON","","SE13 6LH",19930401,NA,NA,NA,NA,NA,NA,NA,NA,NA,NA,0,NA,"H",NA,NA,NA
"RJ6","CROYDON HEALTH SERVICES NHS TRUST","Y56","QWE","CROYDON UNIVERSITY HOSPITAL","530 LONDON ROAD","","THORNTON HEATH","","CR7 7YE",19930401,NA,NA,NA,NA,NA,NA,NA,NA,NA,NA,0,NA,"H",NA,NA,NA
"RJ7","ST GEORGE'S UNIVERSITY HOSPITALS NHS FOUNDATION TRUST","Y56","QWE","ST GEORGE'S HOSPITAL","BLACKSHAW ROAD","TOOTING","LONDON","","SW17 0QT",19930401,NA,NA,NA,NA,NA,NA,NA,NA,NA,NA,0,NA,"H",NA,NA,NA
"RJ8","CORNWALL PARTNERSHIP NHS FOUNDATION TRUST","Y58","QT6","CAREW HOUSE","BEACON TECHNOLOGY PARK","DUNMERE ROAD","BODMIN","CORNWALL","PL31 2QN",19930401,NA,NA,NA,NA,NA,NA,NA,NA,NA,NA,0,NA,"K",NA,NA,NA
"RJC","SOUTH WARWICKSHIRE UNIVERSITY NHS FOUNDATION TRUST","Y60","QWU","WARWICK HOSPITAL","LAKIN ROAD","","WARWICK","","CV34 5BW",19930401,NA,NA,NA,NA,NA,NA,NA,NA,NA,NA,0,NA,"F",NA,NA,NA
"RJE","UNIVERSITY HOSPITALS OF NORTH MIDLANDS NHS TRUST","Y60","QNC","NEWCASTLE ROAD","","","STOKE-ON-TRENT","","ST4 6QG",19930401,NA,NA,NA,NA,NA,NA,NA,NA,NA,NA,0,NA,"F",NA,NA,NA
"RJL","NORTHERN LINCOLNSHIRE AND GOOLE NHS FOUNDATION TRUST","Y63","QOQ","DIANA PRINCESS OF WALES HOSPITAL","SCARTHO ROAD","","GRIMSBY","","DN33 2BA",20010401,NA,NA,NA,NA,NA,NA,NA,NA,NA,NA,0,NA,"D",NA,NA,NA
"RJN","EAST CHESHIRE NHS TRUST","Y62","QYG","MACCLESFIELD DISTRICT HOSPITAL","VICTORIA ROAD","","MACCLESFIELD","","SK10 3BL",19930401,NA,NA,NA,NA,NA,NA,NA,NA,NA,NA,0,NA,"B",NA,NA,NA
"RJR","COUNTESS OF CHESTER HOSPITAL NHS FOUNDATION TRUST","Y62","QYG","COUNTESS OF CHESTER HEALTH PARK","LIVERPOOL ROAD","","CHESTER","","CH2 1UL",19930401,NA,NA,NA,NA,NA,NA,NA,NA,NA,NA,0,NA,"B",NA,NA,NA
"RJZ","KING'S COLLEGE HOSPITAL NHS FOUNDATION TRUST","Y56","QKK","DENMARK HILL","","","LONDON","","SE5 9RS",19930401,NA,NA,NA,NA,NA,NA,NA,NA,NA,NA,0,NA,"H",NA,NA,NA
"RK5","SHERWOOD FOREST HOSPITALS NHS FOUNDATION TRUST","Y60","QT1","KINGS MILL HOSPITAL","MANSFIELD ROAD","","SUTTON-IN-ASHFIELD","","NG17 4JL",19940401,NA,NA,NA,NA,NA,NA,NA,NA,NA,NA,0,NA,"E",NA,NA,NA
"RK9","UNIVERSITY HOSPITALS PLYMOUTH NHS TRUST","Y58","QJK","DERRIFORD HOSPITAL","DERRIFORD ROAD","DERRIFORD","PLYMOUTH","","PL6 8DH",19940401,NA,NA,NA,NA,NA,NA,NA,NA,NA,NA,0,NA,"K",NA,NA,NA
"RKB","UNIVERSITY HOSPITALS COVENTRY AND WARWICKSHIRE NHS TRUST","Y60","QWU","WALSGRAVE GENERAL HOSPITAL","CLIFFORD BRIDGE ROAD","","COVENTRY","","CV2 2DX",19930401,NA,NA,NA,NA,NA,NA,NA,NA,NA,NA,0,NA,"F",NA,NA,NA
"RKE","WHITTINGTON HEALTH NHS TRUST","Y56","QMJ","THE WHITTINGTON HOSPITAL","MAGDALA AVENUE","","LONDON","","N19 5NF",19930401,NA,NA,NA,NA,NA,NA,NA,NA,NA,NA,0,NA,"H",NA,NA,NA
"RKL","WEST LONDON NHS TRUST","Y56","QRV","1 ARMSTRONG WAY","","","SOUTHALL","","UB2 4SD",20010401,NA,NA,NA,NA,NA,NA,NA,NA,NA,NA,0,NA,"H",NA,NA,NA
"RL1","THE ROBERT JONES AND AGNES HUNT ORTHOPAEDIC HOSPITAL NHS FOUNDATION TRUST","Y60","QOC","GOBOWEN","","","OSWESTRY","","SY10 7AG",19940401,NA,NA,NA,NA,NA,NA,NA,NA,NA,NA,0,NA,"F",NA,NA,NA
"RL4","THE ROYAL WOLVERHAMPTON NHS TRUST","Y60","QUA","NEW CROSS HOSPITAL","WOLVERHAMPTON ROAD","HEATH TOWN","WOLVERHAMPTON","","WV10 0QP",19940401,NA,NA,NA,NA,NA,NA,NA,NA,NA,NA,0,NA,"F",NA,NA,NA
"RLQ","WYE VALLEY NHS TRUST","Y60","QGH","COUNTY HOSPITAL","27 UNION WALK","","HEREFORD","","HR1 2ER",19940401,NA,NA,NA,NA,NA,NA,NA,NA,NA,NA,0,NA,"F",NA,NA,NA
"RLT","GEORGE ELIOT HOSPITAL NHS TRUST","Y60","QWU","LEWES HOUSE","COLLEGE STREET","","NUNEATON","","CV10 7DJ",19940401,NA,NA,NA,NA,NA,NA,NA,NA,NA,NA,0,NA,"F",NA,NA,NA
"RLY","NORTH STAFFORDSHIRE COMBINED HEALTHCARE NHS TRUST","Y60","QNC","LAWTON HOUSE","BELLRINGER ROAD","TRENTHAM","STOKE-ON-TRENT","","ST4 8HH",19940401,NA,NA,NA,NA,NA,NA,NA,NA,NA,NA,0,NA,"F",NA,NA,NA
"RM1","NORFOLK AND NORWICH UNIVERSITY HOSPITALS NHS FOUNDATION TRUST","Y61","QMM","COLNEY LANE","COLNEY","","NORWICH","","NR4 7UY",19940401,NA,NA,NA,NA,NA,NA,NA,NA,NA,NA,0,NA,"G",NA,NA,NA
"RM3","NORTHERN CARE ALLIANCE NHS FOUNDATION TRUST","Y62","QOP","SALFORD ROYAL","STOTT LANE","","SALFORD","GREATER MANCHESTER","M6 8HD",19940401,NA,NA,NA,NA,NA,NA,NA,NA,NA,NA,0,NA,"B",NA,NA,NA
"RMC","BOLTON NHS FOUNDATION TRUST","Y62","QOP","THE ROYAL BOLTON HOSPITAL","MINERVA ROAD","FARNWORTH","BOLTON","","BL4 0JR",19940401,NA,NA,NA,NA,NA,NA,NA,NA,NA,NA,0,NA,"B",NA,NA,NA
"RMP","TAMESIDE AND GLOSSOP INTEGRATED CARE NHS FOUNDATION TRUST","Y62","QOP","TAMESIDE GENERAL HOSPITAL","FOUNTAIN STREET","","ASHTON-UNDER-LYNE","","OL6 9RW",19940401,NA,NA,NA,NA,NA,NA,NA,NA,NA,NA,0,NA,"B",NA,NA,NA
"RMY","NORFOLK AND SUFFOLK NHS FOUNDATION TRUST","Y61","QMM","COUNTY HALL","MARTINEAU LANE","","NORWICH","NORFOLK","NR1 2DH",19940401,NA,NA,NA,NA,NA,NA,NA,NA,NA,NA,0,NA,"G",NA,NA,NA
"RN3","GREAT WESTERN HOSPITALS NHS FOUNDATION TRUST","Y58","QOX","GREAT WESTERN HOSPITAL","MARLBOROUGH ROAD","","SWINDON","","SN3 6BB",19940401,NA,NA,NA,NA,NA,NA,NA,NA,NA,NA,0,NA,"K",NA,NA,NA
"RN5","HAMPSHIRE HOSPITALS NHS FOUNDATION TRUST","Y59","QRL","BASINGSTOKE AND NORTH HAMPSHIRE HOS","ALDERMASTON ROAD","","BASINGSTOKE","HAMPSHIRE","RG24 9NA",19940401,NA,NA,NA,NA,NA,NA,NA,NA,NA,NA,0,NA,"J",NA,NA,NA
"RN7","DARTFORD AND GRAVESHAM NHS TRUST","Y59","QKS","DARENT VALLEY HOSPITAL","DARENTH WOOD ROAD","","DARTFORD","","DA2 8DA",19940401,NA,NA,NA,NA,NA,NA,NA,NA,NA,NA,0,NA,"J",NA,NA,NA
"RNA","THE DUDLEY GROUP NHS FOUNDATION TRUST","Y60","QUA","RUSSELLS HALL HOSPITAL","PENSNETT ROAD","","DUDLEY","","DY1 2HQ",19940401,NA,NA,NA,NA,NA,NA,NA,NA,NA,NA,0,NA,"F",NA,NA,NA
"RNK","TAVISTOCK AND PORTMAN NHS FOUNDATION TRUST","Y56","QMJ","THE TAVISTOCK CENTRE","120 BELSIZE LANE","","LONDON","","NW3 5BA",19940401,NA,NA,NA,NA,NA,NA,NA,NA,NA,NA,0,NA,"H",NA,NA,NA
"RNN","NORTH CUMBRIA INTEGRATED CARE NHS FOUNDATION TRUST","Y63","QHM","PILLARS BUILDING","CUMBERLAND INFIRMARY","INFIRMARY STREET","CARLISLE","","CA2 7HY",20010401,NA,NA,NA,NA,NA,NA,NA,NA,NA,NA,0,NA,"A",NA,NA,NA
"RNQ","KETTERING GENERAL HOSPITAL NHS FOUNDATION TRUST","Y60","QPM","ROTHWELL ROAD","","","KETTERING","","NN16 8UZ",19940401,NA,NA,NA,NA,NA,NA,NA,NA,NA,NA,0,NA,"E",NA,NA,NA
"RNS","NORTHAMPTON GENERAL HOSPITAL NHS TRUST","Y60","QPM","CLIFTONVILLE","","","NORTHAMPTON","","NN1 5BD",19940401,NA,NA,NA,NA,NA,NA,NA,NA,NA,NA,0,NA,"E",NA,NA,NA
"RNU","OXFORD HEALTH NHS FOUNDATION TRUST","Y59","QU9","WARNEFORD HOSPITAL","WARNEFORD LANE","HEADINGTON","OXFORD","","OX3 7JX",19940401,NA,NA,NA,NA,NA,NA,NA,NA,NA,NA,0,NA,"J",NA,NA,NA
"RNZ","SALISBURY NHS FOUNDATION TRUST","Y58","QOX","SALISBURY DISTRICT HOSPITAL","ODSTOCK ROAD","","SALISBURY","","SP2 8BJ",19940401,NA,NA,NA,NA,NA,NA,NA,NA,NA,NA,0,NA,"K",NA,NA,NA
"RP1","NORTHAMPTONSHIRE HEALTHCARE NHS FOUNDATION TRUST","Y60","QPM","ST MARYS HOSPITAL","77 LONDON ROAD","","KETTERING","","NN15 7PW",20010401,NA,NA,NA,NA,NA,NA,NA,NA,NA,NA,0,NA,"E",NA,NA,NA
"RP4","GREAT ORMOND STREET HOSPITAL FOR CHILDREN NHS FOUNDATION TRUST","Y56","QMJ","GREAT ORMOND STREET","","","LONDON","","WC1N 3JH",19940401,NA,NA,NA,NA,NA,NA,NA,NA,NA,NA,0,NA,"H",NA,NA,NA
"RP5","DONCASTER AND BASSETLAW TEACHING HOSPITALS NHS FOUNDATION TRUST","Y63","QF7","DONCASTER ROYAL INFIRMARY","ARMTHORPE ROAD","","DONCASTER","","DN2 5LT",20010401,NA,NA,NA,NA,NA,NA,NA,NA,NA,NA,0,NA,"D",NA,NA,NA
"RP6","MOORFIELDS EYE HOSPITAL NHS FOUNDATION TRUST","Y56","QMJ","162 CITY ROAD","","","LONDON","","EC1V 2PD",19940401,NA,NA,NA,NA,NA,NA,NA,NA,NA,NA,0,NA,"H",NA,NA,NA
"RP7","LINCOLNSHIRE PARTNERSHIP NHS FOUNDATION TRUST","Y60","QJM","ST GEORGE'S","LONG LEYS ROAD","","LINCOLN","","LN1 1FS",20010401,NA,NA,NA,NA,NA,NA,NA,NA,NA,NA,0,NA,"E",NA,NA,NA
"RPA","MEDWAY NHS FOUNDATION TRUST","Y59","QKS","MEDWAY MARITIME HOSPITAL","WINDMILL ROAD","","GILLINGHAM","","ME7 5NY",19940401,NA,NA,NA,NA,NA,NA,NA,NA,NA,NA,0,NA,"J",NA,NA,NA
"RPC","QUEEN VICTORIA HOSPITAL NHS FOUNDATION TRUST","Y59","QNX","HOLTYE ROAD","","","EAST GRINSTEAD","","RH19 3DZ",19940401,NA,NA,NA,NA,NA,NA,NA,NA,NA,NA,0,NA,"J",NA,NA,NA
"RPG","OXLEAS NHS FOUNDATION TRUST","Y56","QKK","PINEWOOD HOUSE","PINEWOOD PLACE","","DARTFORD","","DA2 7WG",19940401,NA,NA,NA,NA,NA,NA,NA,NA,NA,NA,0,NA,"H",NA,NA,NA
"RPY","THE ROYAL MARSDEN NHS FOUNDATION TRUST","Y56","QRV","FULHAM ROAD","","","LONDON","","SW3 6JJ",19940401,NA,NA,NA,NA,NA,NA,NA,NA,NA,NA,1,NA,"H",NA,NA,NA
"RQ3","BIRMINGHAM WOMEN'S AND CHILDREN'S NHS FOUNDATION TRUST","Y60","QHL","STEELHOUSE LANE","","","BIRMINGHAM","","B4 6NH",19950401,NA,NA,NA,NA,NA,NA,NA,NA,NA,NA,1,NA,"F",NA,NA,NA
"RQF","VELINDRE NHS TRUST","W00","Q99","UNIT 2","CHARNWOOD COURT","HEOL BILLINGSLEY","CARDIFF","","CF15 7QZ",19940401,NA,NA,NA,NA,NA,NA,NA,NA,NA,NA,0,NA,"W",NA,NA,NA
"RQM","CHELSEA AND WESTMINSTER HOSPITAL NHS FOUNDATION TRUST","Y56","QRV","CHELSEA & WESTMINSTER HOSPITAL","369 FULHAM ROAD","","LONDON","","SW10 9NH",19940401,NA,NA,NA,NA,NA,NA,NA,NA,NA,NA,0,NA,"H",NA,NA,NA
"RQW","THE PRINCESS ALEXANDRA HOSPITAL NHS TRUST","Y61","QM7","HAMSTEL ROAD","","","HARLOW","","CM20 1QX",19950401,NA,NA,NA,NA,NA,NA,NA,NA,NA,NA,0,NA,"G",NA,NA,NA
"RQX","HOMERTON HEALTHCARE NHS FOUNDATION TRUST","Y56","QMF","HOMERTON ROW","","","LONDON","","E9 6SR",19950401,NA,NA,NA,NA,NA,NA,NA,NA,NA,NA,0,NA,"H",NA,NA,NA
"RQY","SOUTH WEST LONDON AND ST GEORGE'S MENTAL HEALTH NHS TRUST","Y56","QWE","SPRINGFIELD HOSPITAL","61 GLENBURNIE ROAD","","LONDON","","SW17 7DJ",19950401,NA,NA,NA,NA,NA,NA,NA,NA,NA,NA,0,NA,"H",NA,NA,NA
"RR7","GATESHEAD HEALTH NHS FOUNDATION TRUST","Y63","QHM","QUEEN ELIZABETH HOSPITAL","SHERIFF HILL","","GATESHEAD","","NE9 6SX",19980401,NA,NA,NA,NA,NA,NA,NA,NA,NA,NA,0,NA,"A",NA,NA,NA
"RR8","LEEDS TEACHING HOSPITALS NHS TRUST","Y63","QWO","ST. JAMES'S UNIVERSITY HOSPITAL","BECKETT STREET","","LEEDS","","LS9 7TF",19980401,NA,NA,NA,NA,NA,NA,NA,NA,NA,NA,0,NA,"D",NA,NA,NA
"RRE","MIDLANDS PARTNERSHIP UNIVERSITY NHS FOUNDATION TRUST","Y60","QNC","TRUST HEADQUARTERS","ST GEORGES HOSPITAL","CORPORATION STREET","STAFFORD","STAFFORDSHIRE","ST16 3SR",20010401,NA,NA,NA,NA,NA,NA,NA,NA,NA,NA,1,NA,"F",NA,NA,NA
"RRF","WRIGHTINGTON, WIGAN AND LEIGH NHS FOUNDATION TRUST","Y62","QOP","ROYAL ALBERT EDWARD INFIRMARY","WIGAN LANE","","WIGAN","","WN1 2NN",20010401,NA,NA,NA,NA,NA,NA,NA,NA,NA,NA,0,NA,"B",NA,NA,NA
"RRJ","THE ROYAL ORTHOPAEDIC HOSPITAL NHS FOUNDATION TRUST","Y60","QHL","THE WOODLANDS","BRISTOL ROAD SOUTH","NORTHFIELD","BIRMINGHAM","","B31 2AP",19950401,NA,NA,NA,NA,NA,NA,NA,NA,NA,NA,0,NA,"F",NA,NA,NA
"RRK","UNIVERSITY HOSPITALS BIRMINGHAM NHS FOUNDATION TRUST","Y60","QHL","QUEEN ELIZABETH HOSPITAL","MINDELSOHN WAY","EDGBASTON","BIRMINGHAM","","B15 2GW",19950401,NA,NA,NA,NA,NA,NA,NA,NA,NA,NA,1,NA,"F",NA,NA,NA
"RRP","BARNET, ENFIELD AND HARINGEY MENTAL HEALTH NHS TRUST","Y56","QMJ","TRUST HEADQUARTERS BLOCK B2","ST ANN'S HOSPITAL","ST ANN'S ROAD","LONDON","","N15 3TH",20010401,20241031,NA,NA,NA,NA,NA,NA,NA,NA,NA,1,NA,"H",NA,NA,NA
"RRU","LONDON AMBULANCE SERVICE NHS TRUST","Y56","QKK","220 WATERLOO ROAD","","","LONDON","","SE1 8SD",19960401,NA,NA,NA,NA,NA,NA,NA,NA,NA,NA,0,NA,"H",NA,NA,NA
"RRV","UNIVERSITY COLLEGE LONDON HOSPITALS NHS FOUNDATION TRUST","Y56","QMJ","250 EUSTON ROAD","","","LONDON","","NW1 2PG",19960401,NA,NA,NA,NA,NA,NA,NA,NA,NA,NA,0,NA,"H",NA,NA,NA
"RT1","CAMBRIDGESHIRE AND PETERBOROUGH NHS FOUNDATION TRUST","Y61","QUE","ELIZABETH HOUSE,","FULBOURN HOSPITAL","FULBOURN","CAMBRIDGE","","CB21 5EF",20020401,NA,NA,NA,NA,NA,NA,NA,NA,NA,NA,0,NA,"G",NA,NA,NA
"RT2","PENNINE CARE NHS FOUNDATION TRUST","Y62","QOP","225 OLD STREET","","","ASHTON-UNDER-LYNE","","OL6 7SR",20020401,NA,NA,NA,NA,NA,NA,NA,NA,NA,NA,0,NA,"B",NA,NA,NA
"RT4","WELSH AMBULANCE SERVICES NHS TRUST","W00","Q99","UNIT 7","FFORDD RICHARD DAVIES","ST ASAPH BUSINESS PARK","ST. ASAPH","","LL17 0LJ",19980401,NA,NA,NA,NA,NA,NA,NA,NA,NA,NA,0,NA,"W",NA,NA,NA
"RT5","LEICESTERSHIRE PARTNERSHIP NHS TRUST","Y60","QK1","ROOM 100/110 PEN LLOYD BUILDING","COUNTY HALL","LEICESTER ROAD","LEICESTER","LEICESTERSHIRE","LE3 8RA",19990401,NA,NA,NA,NA,NA,NA,NA,NA,NA,NA,0,NA,"E",NA,NA,NA
"RTD","THE NEWCASTLE UPON TYNE HOSPITALS NHS FOUNDATION TRUST","Y63","QHM","FREEMAN HOSPITAL","FREEMAN ROAD","HIGH HEATON","NEWCASTLE UPON TYNE","","NE7 7DN",19980401,NA,NA,NA,NA,NA,NA,NA,NA,NA,NA,0,NA,"A",NA,NA,NA
"RTE","GLOUCESTERSHIRE HOSPITALS NHS FOUNDATION TRUST","Y58","QR1","CHELTENHAM GENERAL HOSPITAL","SANDFORD ROAD","","CHELTENHAM","","GL53 7AN",20020401,NA,NA,NA,NA,NA,NA,NA,NA,NA,NA,0,NA,"K",NA,NA,NA
"RTF","NORTHUMBRIA HEALTHCARE NHS FOUNDATION TRUST","Y63","QHM","NORTH TYNESIDE GENERAL HOSPITAL","RAKE LANE","","NORTH SHIELDS","","NE29 8NH",19980401,NA,NA,NA,NA,NA,NA,NA,NA,NA,NA,0,NA,"A",NA,NA,NA
"RTG","UNIVERSITY HOSPITALS OF DERBY AND BURTON NHS FOUNDATION TRUST","Y60","QJ2","ROYAL DERBY HOSPITAL","UTTOXETER ROAD","","DERBY","","DE22 3NE",19980401,NA,NA,NA,NA,NA,NA,NA,NA,NA,NA,0,NA,"E",NA,NA,NA
"RTH","OXFORD UNIVERSITY HOSPITALS NHS FOUNDATION TRUST","Y59","QU9","JOHN RADCLIFFE HOSPITAL","HEADLEY WAY","HEADINGTON","OXFORD","","OX3 9DU",19980401,NA,NA,NA,NA,NA,NA,NA,NA,NA,NA,0,NA,"J",NA,NA,NA
"RTK","ASHFORD AND ST PETER'S HOSPITALS NHS FOUNDATION TRUST","Y59","QXU","ST PETERS HOSPITAL","GUILDFORD ROAD","","CHERTSEY","","KT16 0PZ",19980401,NA,NA,NA,NA,NA,NA,NA,NA,NA,NA,0,NA,"J",NA,NA,NA
"RTP","SURREY AND SUSSEX HEALTHCARE NHS TRUST","Y59","QXU","TRUST HEADQUARTERS","EAST SURREY HOSPITAL","CANADA AVENUE","REDHILL","SURREY","RH1 5RH",19980401,NA,NA,NA,NA,NA,NA,NA,NA,NA,NA,0,NA,"J",NA,NA,NA
"RTQ","GLOUCESTERSHIRE HEALTH AND CARE NHS FOUNDATION TRUST","Y58","QR1","EDWARD JENNER COURT","1010 PIONEER AVENUE","GLOUCESTER BUSINESS PARK","GLOUCESTER","","GL3 4AW",20020401,NA,NA,NA,NA,NA,NA,NA,NA,NA,NA,0,NA,"K",NA,NA,NA
"RTR","SOUTH TEES HOSPITALS NHS FOUNDATION TRUST","Y63","QHM","JAMES COOK UNIVERSITY HOSPITAL","MARTON ROAD","","MIDDLESBROUGH","","TS4 3BW",20020401,NA,NA,NA,NA,NA,NA,NA,NA,NA,NA,0,NA,"A",NA,NA,NA
"RTX","UNIVERSITY HOSPITALS OF MORECAMBE BAY NHS FOUNDATION TRUST","Y62","QE1","WESTMORLAND GENERAL HOSPITAL","BURTON ROAD","","KENDAL","","LA9 7RG",19980401,NA,NA,NA,NA,NA,NA,NA,NA,NA,NA,0,NA,"B",NA,NA,NA
"RV3","CENTRAL AND NORTH WEST LONDON NHS FOUNDATION TRUST","Y56","QMJ","TRUST HEADQUARTERS","350 EUSTON ROAD","REGENTS PLACE","LONDON","","NW1 3AX",19990401,NA,NA,NA,NA,NA,NA,NA,NA,NA,NA,0,NA,"H",NA,NA,NA
"RV5","SOUTH LONDON AND MAUDSLEY NHS FOUNDATION TRUST","Y56","QKK","BETHLEM ROYAL HOSPITAL","MONKS ORCHARD ROAD","","BECKENHAM","KENT","BR3 3BX",19990401,NA,NA,NA,NA,NA,NA,NA,NA,NA,NA,0,NA,"H",NA,NA,NA
"RV9","HUMBER TEACHING NHS FOUNDATION TRUST","Y63","QOQ","TRUST HQ, BLOCK A, WILLERBY HILL","BEVERLEY ROAD","WILLERBY","HULL","","HU10 6FE",19991001,NA,NA,NA,NA,NA,NA,NA,NA,NA,NA,0,NA,"D",NA,NA,NA
"RVJ","NORTH BRISTOL NHS TRUST","Y58","QUY","SOUTHMEAD HOSPITAL","SOUTHMEAD ROAD","WESTBURY-ON-TRYM","BRISTOL","","BS10 5NB",19990401,NA,NA,NA,NA,NA,NA,NA,NA,NA,NA,0,NA,"K",NA,NA,NA
"RVN","AVON AND WILTSHIRE MENTAL HEALTH PARTNERSHIP NHS TRUST","Y58","QOX","BATH NHS HOUSE","NEWBRIDGE HILL","","BATH","","BA1 3QE",19990401,NA,NA,NA,NA,NA,NA,NA,NA,NA,NA,0,NA,"K",NA,NA,NA
"RVR","EPSOM AND ST HELIER UNIVERSITY HOSPITALS NHS TRUST","Y56","QWE","ST HELIER HOSPITAL","WRYTHE LANE","","CARSHALTON","","SM5 1AA",19990401,NA,NA,NA,NA,NA,NA,NA,NA,NA,NA,0,NA,"H",NA,NA,NA
"RVV","EAST KENT HOSPITALS UNIVERSITY NHS FOUNDATION TRUST","Y59","QKS","KENT & CANTERBURY HOSPITAL","ETHELBERT ROAD","","CANTERBURY","","CT1 3NG",19990401,NA,NA,NA,NA,NA,NA,NA,NA,NA,NA,0,NA,"J",NA,NA,NA
"RVW","NORTH TEES AND HARTLEPOOL NHS FOUNDATION TRUST","Y63","QHM","UNIVERSITY HOSPITAL OF HARTLEPOOL","HOLDFORTH ROAD","","HARTLEPOOL","","TS24 9AH",19990401,NA,NA,NA,NA,NA,NA,NA,NA,NA,NA,0,NA,"A",NA,NA,NA
"RVY","SOUTHPORT AND ORMSKIRK HOSPITAL NHS TRUST","Y62","QYG","TOWN LANE","","","SOUTHPORT","","PR8 6PN",19990401,20230630,NA,NA,NA,NA,NA,NA,NA,NA,NA,0,NA,"B",NA,NA,NA
"RW1","HAMPSHIRE AND ISLE OF WIGHT HEALTHCARE NHS FOUNDATION TRUST","Y59","QRL","TATCHBURY MOUNT HOSPITAL","CALMORE","","SOUTHAMPTON","","SO40 2RZ",20010401,NA,NA,NA,NA,NA,NA,NA,NA,NA,NA,1,NA,"J",NA,NA,NA
"RW4","MERSEY CARE NHS FOUNDATION TRUST","Y62","QYG","V7 BUILDING","KINGS BUSINESS PARK","KINGS DRIVE","PRESCOT","","L34 1PJ",20010401,NA,NA,NA,NA,NA,NA,NA,NA,NA,NA,0,NA,"B",NA,NA,NA
"RW5","LANCASHIRE & SOUTH CUMBRIA NHS FOUNDATION TRUST","Y62","QE1","SCEPTRE POINT","SCEPTRE WAY","BAMBER BRIDGE","PRESTON","","PR5 6AW",20020401,NA,NA,NA,NA,NA,NA,NA,NA,NA,NA,0,NA,"B",NA,NA,NA
"RWA","HULL UNIVERSITY TEACHING HOSPITALS NHS TRUST","Y63","QOQ","HULL ROYAL INFIRMARY","ANLABY ROAD","","HULL","","HU3 2JZ",19991001,NA,NA,NA,NA,NA,NA,NA,NA,NA,NA,0,NA,"D",NA,NA,NA
"RWD","UNITED LINCOLNSHIRE TEACHING HOSPITALS NHS TRUST","Y60","QJM","LINCOLN COUNTY HOSPITAL","GREETWELL ROAD","","LINCOLN","","LN2 5QY",20000401,NA,NA,NA,NA,NA,NA,NA,NA,NA,NA,1,NA,"E",NA,NA,NA
"RWE","UNIVERSITY HOSPITALS OF LEICESTER NHS TRUST","Y60","QK1","LEICESTER ROYAL INFIRMARY","INFIRMARY SQUARE","","LEICESTER","","LE1 5WW",20000401,NA,NA,NA,NA,NA,NA,NA,NA,NA,NA,0,NA,"E",NA,NA,NA
"RWF","MAIDSTONE AND TUNBRIDGE WELLS NHS TRUST","Y59","QKS","THE MAIDSTONE HOSPITAL","HERMITAGE LANE","","MAIDSTONE","","ME16 9QQ",20000401,NA,NA,NA,NA,NA,NA,NA,NA,NA,NA,0,NA,"J",NA,NA,NA
"RWG","WEST HERTFORDSHIRE TEACHING HOSPITALS NHS TRUST","Y61","QM7","TRUST OFFICES","WATFORD GENERAL HOSPITAL","VICARAGE ROAD","WATFORD","","WD18 0HB",20000401,NA,NA,NA,NA,NA,NA,NA,NA,NA,NA,0,NA,"G",NA,NA,NA
"RWH","EAST AND NORTH HERTFORDSHIRE NHS TRUST","Y61","QM7","LISTER HOSPITAL","COREYS MILL LANE","","STEVENAGE","HERTFORDSHIRE","SG1 4AB",20000401,NA,NA,NA,NA,NA,NA,NA,NA,NA,NA,0,NA,"G",NA,NA,NA
"RWJ","STOCKPORT NHS FOUNDATION TRUST","Y62","QOP","STEPPING HILL HOSPITAL","POPLAR GROVE","","STOCKPORT","","SK2 7JE",20000401,NA,NA,NA,NA,NA,NA,NA,NA,NA,NA,0,NA,"B",NA,NA,NA
"RWK","EAST LONDON NHS FOUNDATION TRUST","Y56","QMF","ROBERT DOLAN HOUSE","9 ALIE STREET","","LONDON","GREATER LONDON","E1 8DE",20000401,NA,NA,NA,NA,NA,NA,NA,NA,NA,NA,0,NA,"H",NA,NA,NA
"RWP","WORCESTERSHIRE ACUTE HOSPITALS NHS TRUST","Y60","QGH","WORCESTERSHIRE ROYAL HOSPITAL","CHARLES HASTINGS WAY","","WORCESTER","","WR5 1DD",20000401,NA,NA,NA,NA,NA,NA,NA,NA,NA,NA,0,NA,"F",NA,NA,NA
"RWR","HERTFORDSHIRE PARTNERSHIP UNIVERSITY NHS FOUNDATION TRUST","Y61","QM7","THE COLONNADES","BEACONSFIELD CLOSE","","HATFIELD","","AL10 8YE",20010401,NA,NA,NA,NA,NA,NA,NA,NA,NA,NA,0,NA,"G",NA,NA,NA
"RWV","DEVON PARTNERSHIP NHS TRUST","Y58","QJK","WONFORD HOUSE HOSPITAL","DRYDEN ROAD","","EXETER","","EX2 5AF",20010401,NA,NA,NA,NA,NA,NA,NA,NA,NA,NA,0,NA,"K",NA,NA,NA
"RWW","WARRINGTON AND HALTON TEACHING HOSPITALS NHS FOUNDATION TRUST","Y62","QYG","WARRINGTON HOSPITAL","LOVELY LANE","","WARRINGTON","","WA5 1QG",20010401,NA,NA,NA,NA,NA,NA,NA,NA,NA,NA,0,NA,"B",NA,NA,NA
"RWX","BERKSHIRE HEALTHCARE NHS FOUNDATION TRUST","Y59","QNQ","LONDON HOUSE","LONDON ROAD","","BRACKNELL","","RG12 2UT",20010401,NA,NA,NA,NA,NA,NA,NA,NA,NA,NA,0,NA,"J",NA,NA,NA
"RWY","CALDERDALE AND HUDDERSFIELD NHS FOUNDATION TRUST","Y63","QWO","TRUST HEADQUARTERS","ACRE STREET","LINDLEY","HUDDERSFIELD","","HD3 3EA",20010401,NA,NA,NA,NA,NA,NA,NA,NA,NA,NA,0,NA,"D",NA,NA,NA
"RX1","NOTTINGHAM UNIVERSITY HOSPITALS NHS TRUST","Y60","QT1","TRUST HEADQUARTERS","QUEENS MEDICAL CENTRE","DERBY ROAD","NOTTINGHAM","","NG7 2UH",20060401,NA,NA,NA,NA,NA,NA,NA,NA,NA,NA,0,NA,"E",NA,NA,NA
"RX2","SUSSEX PARTNERSHIP NHS FOUNDATION TRUST","Y59","QNX","TRUST HQ","SWANDEAN","ARUNDEL ROAD","WORTHING","","BN13 3EP",20060401,NA,NA,NA,NA,NA,NA,NA,NA,NA,NA,0,NA,"J",NA,NA,NA
"RX3","TEES, ESK AND WEAR VALLEYS NHS FOUNDATION TRUST","Y63","QHM","TRUST HEADQUARTERS","WEST PARK HOSPITAL","EDWARD PEASE WAY","DARLINGTON","","DL2 2TS",20060401,NA,NA,NA,NA,NA,NA,NA,NA,NA,NA,0,NA,"A",NA,NA,NA
"RX4","CUMBRIA, NORTHUMBERLAND, TYNE AND WEAR NHS FOUNDATION TRUST","Y63","QHM","ST NICHOLAS HOSPITAL","JUBILEE ROAD","GOSFORTH","NEWCASTLE UPON TYNE","TYNE AND WEAR","NE3 3XT",20060401,NA,NA,NA,NA,NA,NA,NA,NA,NA,NA,0,NA,"A",NA,NA,NA
"RX6","NORTH EAST AMBULANCE SERVICE NHS FOUNDATION TRUST","Y63","QHM","BERNICIA HOUSE","THE WATERFRONT","GOLDCREST WAY","NEWCASTLE UPON TYNE","","NE15 8NY",20060701,NA,NA,NA,NA,NA,NA,NA,NA,NA,NA,0,NA,"A",NA,NA,NA
"RX7","NORTH WEST AMBULANCE SERVICE NHS TRUST","Y62","QOP","LADYBRIDGE HALL","399 CHORLEY NEW ROAD","","BOLTON","","BL1 5DD",20060701,NA,NA,NA,NA,NA,NA,NA,NA,NA,NA,0,NA,"B",NA,NA,NA
"RX8","YORKSHIRE AMBULANCE SERVICE NHS TRUST","Y63","QWO","SPRINGHILL","2 BRINDLEY WAY","WAKEFIELD 41 INDUSTRIAL ESTATE","WAKEFIELD","","WF2 0XQ",20060701,NA,NA,NA,NA,NA,NA,NA,NA,NA,NA,0,NA,"D",NA,NA,NA
"RX9","EAST MIDLANDS AMBULANCE SERVICE NHS TRUST","Y60","QT1","1 HORIZON PLACE","MELLORS WAY","NOTTINGHAM BUSINESS PARK","NOTTINGHAM","","NG8 6PY",20060701,NA,NA,NA,NA,NA,NA,NA,NA,NA,NA,0,NA,"E",NA,NA,NA
"RXA","CHESHIRE AND WIRRAL PARTNERSHIP NHS FOUNDATION TRUST","Y62","QYG","TRUST HEADQUARTERS REDESMERE","THE COUNTESS OF CHESTER HEALTH PARK","LIVERPOOL ROAD","CHESTER","","CH2 1BQ",20020401,NA,NA,NA,NA,NA,NA,NA,NA,NA,NA,0,NA,"B",NA,NA,NA
"RXC","EAST SUSSEX HEALTHCARE NHS TRUST","Y59","QNX","ST ANNES HOUSE","729 THE RIDGE","","ST. LEONARDS-ON-SEA","","TN37 7PT",20020401,NA,NA,NA,NA,NA,NA,NA,NA,NA,NA,0,NA,"J",NA,NA,NA
"RXE","ROTHERHAM DONCASTER AND SOUTH HUMBER NHS FOUNDATION TRUST","Y63","QF7","WOODFIELD HOUSE","TICKHILL ROAD","","DONCASTER","","DN4 8QN",20040401,NA,NA,NA,NA,NA,NA,NA,NA,NA,NA,0,NA,"D",NA,NA,NA
"RXF","MID YORKSHIRE TEACHING NHS TRUST","Y63","QWO","PINDERFIELDS HOSPITAL","ABERFORD ROAD","","WAKEFIELD","","WF1 4DG",20020401,NA,NA,NA,NA,NA,NA,NA,NA,NA,NA,0,NA,"D",NA,NA,NA
"RXG","SOUTH WEST YORKSHIRE PARTNERSHIP NHS FOUNDATION TRUST","Y63","QWO","TRUST HEADQUARTERS","FIELDHEAD HOSPITAL","OUCHTHORPE LANE","WAKEFIELD","","WF1 3SP",20020401,NA,NA,NA,NA,NA,NA,NA,NA,NA,NA,0,NA,"D",NA,NA,NA
"RXK","SANDWELL AND WEST BIRMINGHAM HOSPITALS NHS TRUST","Y60","QHL","CITY HOSPITAL","DUDLEY ROAD","","BIRMINGHAM","","B18 7QH",20020401,NA,NA,NA,NA,NA,NA,NA,NA,NA,NA,0,NA,"F",NA,NA,NA
"RXL","BLACKPOOL TEACHING HOSPITALS NHS FOUNDATION TRUST","Y62","QE1","VICTORIA HOSPITAL","WHINNEY HEYS ROAD","","BLACKPOOL","","FY3 8NR",20020401,NA,NA,NA,NA,NA,NA,NA,NA,NA,NA,0,NA,"B",NA,NA,NA
"RXM","DERBYSHIRE HEALTHCARE NHS FOUNDATION TRUST","Y60","QJ2","TRUST HEADQUARTERS","KINGSWAY HOSPITAL","KINGSWAY","DERBY","","DE22 3LZ",20020401,NA,NA,NA,NA,NA,NA,NA,NA,NA,NA,0,NA,"E",NA,NA,NA
"RXN","LANCASHIRE TEACHING HOSPITALS NHS FOUNDATION TRUST","Y62","QE1","ROYAL PRESTON HOSPITAL","SHAROE GREEN LANE","FULWOOD","PRESTON","","PR2 9HT",20020801,NA,NA,NA,NA,NA,NA,NA,NA,NA,NA,0,NA,"B",NA,NA,NA
"RXP","COUNTY DURHAM AND DARLINGTON NHS FOUNDATION TRUST","Y63","QHM","DARLINGTON MEMORIAL HOSPITAL","HOLLYHURST ROAD","","DARLINGTON","","DL3 6HX",20021001,NA,NA,NA,NA,NA,NA,NA,NA,NA,NA,0,NA,"A",NA,NA,NA
"RXQ","BUCKINGHAMSHIRE HEALTHCARE NHS TRUST","Y59","QU9","AMERSHAM HOSPITAL","WHIELDEN STREET","","AMERSHAM","","HP7 0JD",20030401,NA,NA,NA,NA,NA,NA,NA,NA,NA,NA,0,NA,"J",NA,NA,NA
"RXR","EAST LANCASHIRE HOSPITALS NHS TRUST","Y62","QE1","ROYAL BLACKBURN HOSPITAL","HASLINGDEN ROAD","","BLACKBURN","","BB2 3HH",20030401,NA,NA,NA,NA,NA,NA,NA,NA,NA,NA,0,NA,"B",NA,NA,NA
"RXT","BIRMINGHAM AND SOLIHULL MENTAL HEALTH NHS FOUNDATION TRUST","Y60","QHL","THE UFFCULME CENTRE","52 QUEENSBRIDGE ROAD","MOSELEY","BIRMINGHAM","","B13 8QY",20030401,NA,NA,NA,NA,NA,NA,NA,NA,NA,NA,0,NA,"F",NA,NA,NA
"RXV","GREATER MANCHESTER MENTAL HEALTH NHS FOUNDATION TRUST","Y62","QOP","PRESTWICH HOSPITAL","BURY NEW ROAD","PRESTWICH","MANCHESTER","","M25 3BL",20030401,NA,NA,NA,NA,NA,NA,NA,NA,NA,NA,0,NA,"B",NA,NA,NA
"RXW","THE SHREWSBURY AND TELFORD HOSPITAL NHS TRUST","Y60","QOC","MYTTON OAK ROAD","","","SHREWSBURY","","SY3 8XQ",20031001,NA,NA,NA,NA,NA,NA,NA,NA,NA,NA,0,NA,"F",NA,NA,NA
"RXX","SURREY AND BORDERS PARTNERSHIP NHS FOUNDATION TRUST","Y59","QXU","18 MOLE BUSINESS PARK","RANDALLS ROAD","","LEATHERHEAD","","KT22 7AD",20050401,NA,NA,NA,NA,NA,NA,NA,NA,NA,NA,0,NA,"J",NA,NA,NA
"RXY","KENT AND MEDWAY NHS AND SOCIAL CARE PARTNERSHIP TRUST","Y59","QKS","FARM VILLA","HERMITAGE LANE","","MAIDSTONE","","ME16 9PH",20060401,NA,NA,NA,NA,NA,NA,NA,NA,NA,NA,0,NA,"J",NA,NA,NA
"RY2","BRIDGEWATER COMMUNITY HEALTHCARE NHS FOUNDATION TRUST","Y62","QYG","89 DEWHURST ROAD","BIRCHWOOD","","WARRINGTON","","WA3 7PG",20101101,NA,NA,NA,NA,NA,NA,NA,NA,NA,NA,0,NA,"B",NA,NA,NA
"RY3","NORFOLK COMMUNITY HEALTH AND CARE NHS TRUST","Y61","QMM","NORWICH COMMUNITY HOSPITAL","BOWTHORPE ROAD","","NORWICH","","NR2 3TU",20101101,NA,NA,NA,NA,NA,NA,NA,NA,NA,NA,0,NA,"G",NA,NA,NA
"RY4","HERTFORDSHIRE COMMUNITY NHS TRUST","Y61","QM7","UNIT 1A HOWARD COURT","14 TEWIN ROAD","","WELWYN GARDEN CITY","HERTFORDSHIRE","AL7 1BW",20101101,NA,NA,NA,NA,NA,NA,NA,NA,NA,NA,0,NA,"G",NA,NA,NA
"RY5","LINCOLNSHIRE COMMUNITY HEALTH SERVICES NHS TRUST","Y60","QJM","BEECH HOUSE","WITHAM PARK","WATERSIDE SOUTH","LINCOLN","LINCOLNSHIRE","LN5 7JH",20110401,NA,NA,NA,NA,NA,NA,NA,NA,NA,NA,0,NA,"E",NA,NA,NA
"RY6","LEEDS COMMUNITY HEALTHCARE NHS TRUST","Y63","QWO","3 WHITE ROSE OFFICE PARK","MILLSHAW PARK LANE","","LEEDS","WEST YORKSHIRE","LS11 0DL",20110401,NA,NA,NA,NA,NA,NA,NA,NA,NA,NA,0,NA,"D",NA,NA,NA
"RY7","WIRRAL COMMUNITY HEALTH AND CARE NHS FOUNDATION TRUST","Y62","QYG","DERBY ROAD","","","BIRKENHEAD","","CH42 0LQ",20110401,NA,NA,NA,NA,NA,NA,NA,NA,NA,NA,0,NA,"B",NA,NA,NA
"RY8","DERBYSHIRE COMMUNITY HEALTH SERVICES NHS FOUNDATION TRUST","Y60","QJ2","TRUST HQ, ASH GREEN DISABILITY CTR","ASHGATE ROAD","ASHGATE","CHESTERFIELD","","S42 7JE",20110401,NA,NA,NA,NA,NA,NA,NA,NA,NA,NA,0,NA,"E",NA,NA,NA
"RY9","HOUNSLOW AND RICHMOND COMMUNITY HEALTHCARE NHS TRUST","Y56","QWE","THAMES HOUSE","180-194 HIGH STREET","","TEDDINGTON","","TW11 8HU",20110401,20241031,NA,NA,NA,NA,NA,NA,NA,NA,NA,1,NA,"H",NA,NA,NA
"RYA","WEST MIDLANDS AMBULANCE SERVICE UNIVERSITY NHS FOUNDATION TRUST","Y60","QUA","MILLENNIUM POINT","WATERFRONT BUSINESS PARK","DUDLEY ROAD","BRIERLEY HILL","","DY5 1LX",20060701,NA,NA,NA,NA,NA,NA,NA,NA,NA,NA,0,NA,"F",NA,NA,NA
"RYC","EAST OF ENGLAND AMBULANCE SERVICE NHS TRUST","Y61","QUE","UNIT 3","WHITING WAY","MELBOURN","ROYSTON","","SG8 6NA",20060701,NA,NA,NA,NA,NA,NA,NA,NA,NA,NA,0,NA,"G",NA,NA,NA
"RYD","SOUTH EAST COAST AMBULANCE SERVICE NHS FOUNDATION TRUST","Y59","QNX","TRUST HEADQUARTERS","NEXUS HOUSE","4 GATWICK ROAD","CRAWLEY","","RH10 9BG",20060701,NA,NA,NA,NA,NA,NA,NA,NA,NA,NA,0,NA,"J",NA,NA,NA
"RYE","SOUTH CENTRAL AMBULANCE SERVICE NHS FOUNDATION TRUST","Y59","QU9","7-8 TALISMAN BUSINESS CENTRE","TALISMAN ROAD","","BICESTER","","OX26 6HR",20060701,NA,NA,NA,NA,NA,NA,NA,NA,NA,NA,0,NA,"J",NA,NA,NA
"RYF","SOUTH WESTERN AMBULANCE SERVICE NHS FOUNDATION TRUST","Y58","QJK","ABBEY COURT","EAGLE WAY","SOWTON INDUSTRIAL ESTATE","EXETER","DEVON","EX2 7HY",20060701,NA,NA,NA,NA,NA,NA,NA,NA,NA,NA,0,NA,"K",NA,NA,NA
"RYG","COVENTRY AND WARWICKSHIRE PARTNERSHIP NHS TRUST","Y60","QWU","WAYSIDE HOUSE","WILSONS LANE","","COVENTRY","","CV6 6NY",20061001,NA,NA,NA,NA,NA,NA,NA,NA,NA,NA,0,NA,"F",NA,NA,NA
"RYJ","IMPERIAL COLLEGE HEALTHCARE NHS TRUST","Y56","QRV","THE BAYS","ST MARYS HOSPITAL","SOUTH WHARF ROAD","LONDON","","W2 1BL",20071001,NA,NA,NA,NA,NA,NA,NA,NA,NA,NA,0,NA,"H",NA,NA,NA
"RYK","DUDLEY INTEGRATED HEALTH AND CARE NHS TRUST","Y60","QUA","VENTURE WAY","","","BRIERLEY HILL","","DY5 1RU",20081001,20240930,NA,NA,NA,NA,NA,NA,NA,NA,NA,1,NA,"F",NA,NA,NA
"RYR","UNIVERSITY HOSPITALS SUSSEX NHS FOUNDATION TRUST","Y59","QNX","WORTHING HOSPITAL","LYNDHURST ROAD","","WORTHING","","BN11 2DH",20090401,NA,NA,NA,NA,NA,NA,NA,NA,NA,NA,0,NA,"J",NA,NA,NA
"RYT","PUBLIC HEALTH WALES NHS TRUST","W00","Q99","2 CAPITAL QUARTER","TYNDALL STREET","","CARDIFF","","CF10 4BZ",20091001,NA,NA,NA,NA,NA,NA,NA,NA,NA,NA,0,NA,"W",NA,NA,NA
"RYV","CAMBRIDGESHIRE COMMUNITY SERVICES NHS TRUST","Y61","QUE","UNIT 7-8","MEADOW PARK","MEADOW LANE","ST. IVES","","PE27 4LG",20100401,NA,NA,NA,NA,NA,NA,NA,NA,NA,NA,0,NA,"G",NA,NA,NA
"RYW","BIRMINGHAM COMMUNITY HEALTHCARE NHS FOUNDATION TRUST","Y60","QHL","3 PRIESTLEY WHARF","HOLT STREET","BIRMINGHAM SCIENCE PARK, ASTON","BIRMINGHAM","","B7 4BN",20101101,NA,NA,NA,NA,NA,NA,NA,NA,NA,NA,0,NA,"F",NA,NA,NA
"RYX","CENTRAL LONDON COMMUNITY HEALTHCARE NHS TRUST","Y56","QRV","GROUND FLOOR","15 MARYLEBONE ROAD","","LONDON","","NW1 5JD",20101101,NA,NA,NA,NA,NA,NA,NA,NA,NA,NA,0,NA,"H",NA,NA,NA
"RYY","KENT COMMUNITY HEALTH NHS FOUNDATION TRUST","Y59","QKS","TRINITY HOUSE","110-120 EUREKA PARK","EUREKA BUSINESS PARK","ASHFORD","KENT","TN25 4AZ",20101101,NA,NA,NA,NA,NA,NA,NA,NA,NA,NA,0,NA,"J",NA,NA,NA
